-- MySQL Script generated by MySQL Workbench

-- Wed Oct  4 17:35:51 2023

-- Model: New Model    Version: 1.0

-- MySQL Workbench Forward Engineering

-- -----------------------------------------------------

-- Schema mydb

-- -----------------------------------------------------

DROP SCHEMA IF EXISTS `mydb` ;

-- -----------------------------------------------------

-- Schema mydb

-- -----------------------------------------------------

CREATE SCHEMA IF NOT EXISTS `mydb` DEFAULT CHARACTER SET utf8 ;

USE `mydb` ;

-- -----------------------------------------------------

-- Table `mydb`.`USERS`

-- -----------------------------------------------------

DROP TABLE IF EXISTS `mydb`.`USERS` ;

CREATE TABLE
    IF NOT EXISTS `mydb`.`USERS` (
        `ID` VARCHAR(255) NOT NULL,
        `PSEUDO` VARCHAR(255) NOT NULL,
        `PASSWORD` VARCHAR(255) NOT NULL,
        `ROLE` VARCHAR(255) NOT NULL,
        PRIMARY KEY (`ID`)
    ) ENGINE = InnoDB;

-- -----------------------------------------------------

-- Table `mydb`.`RESTAURANTS`

-- -----------------------------------------------------

DROP TABLE IF EXISTS `mydb`.`RESTAURANTS` ;

CREATE TABLE
    IF NOT EXISTS `mydb`.`RESTAURANTS` (
        `ID` VARCHAR(15) NOT NULL,
        `NAME` VARCHAR(255) NOT NULL,
        `ADRESSE` VARCHAR(255) NOT NULL,
        `CP` INT NOT NULL,
        `VILLE` VARCHAR(255) NOT NULL,
        `IMAGE` VARCHAR(255) NOT NULL,
        `PHONE` VARCHAR(255) NOT NULL,
        PRIMARY KEY (`ID`)
    ) ENGINE = InnoDB;

-- -----------------------------------------------------

-- Table `mydb`.`CATEGORIES`

-- -----------------------------------------------------

DROP TABLE IF EXISTS `mydb`.`CATEGORIES` ;

CREATE TABLE
    IF NOT EXISTS `mydb`.`CATEGORIES` (
        `ID` VARCHAR(3) NOT NULL,
        `NAME` VARCHAR(255) NULL,
        PRIMARY KEY (`ID`)
    ) ENGINE = InnoDB;

-- -----------------------------------------------------

-- Table `mydb`.`CONCOURS`

-- -----------------------------------------------------

DROP TABLE IF EXISTS `mydb`.`CONCOURS` ;

CREATE TABLE
    IF NOT EXISTS `mydb`.`CONCOURS` (
        `ID` VARCHAR(36) NOT NULL,
        `MAIL` VARCHAR(255) NULL DEFAULT NULL,
        PRIMARY KEY (`ID`),
        UNIQUE INDEX `MAIL_UNIQUE` (`MAIL` ASC) VISIBLE
    ) ENGINE = InnoDB;

-- -----------------------------------------------------

-- Table `mydb`.`MENU_ITEMS`

-- -----------------------------------------------------

DROP TABLE IF EXISTS `mydb`.`MENU_ITEMS` ;

CREATE TABLE
    IF NOT EXISTS `mydb`.`MENU_ITEMS` (
        `ID` INT NOT NULL AUTO_INCREMENT,
        `NAME` VARCHAR(255) NULL,
        `PRICE` DECIMAL(4, 2) NULL,
        `CATEGORIES_ID` VARCHAR(3) NOT NULL,
        PRIMARY KEY (`ID`, `CATEGORIES_ID`),
        INDEX `fk_MENU_ITEMS_CATEGORIES1_idx` (`CATEGORIES_ID` ASC) VISIBLE,
        CONSTRAINT `fk_MENU_ITEMS_CATEGORIES1` FOREIGN KEY (`CATEGORIES_ID`) REFERENCES `mydb`.`CATEGORIES` (`ID`) ON DELETE NO ACTION ON UPDATE NO ACTION
    ) ENGINE = InnoDB;

-- -----------------------------------------------------

-- Table `mydb`.`MENU_ITEMS_has_RESTAURANTS`

-- -----------------------------------------------------

DROP TABLE IF EXISTS `mydb`.`MENU_ITEMS_has_RESTAURANTS` ;

CREATE TABLE
    IF NOT EXISTS `mydb`.`MENU_ITEMS_has_RESTAURANTS` (
        `MENU_ITEMS_ID` INT NOT NULL,
        `RESTAURANTS_ID` VARCHAR(35) NOT NULL,
        PRIMARY KEY (
            `MENU_ITEMS_ID`,
            `RESTAURANTS_ID`
        ),
        INDEX `fk_MENU_ITEMS_has_RESTAURANTS_RESTAURANTS1_idx` (`RESTAURANTS_ID` ASC) VISIBLE,
        INDEX `fk_MENU_ITEMS_has_RESTAURANTS_MENU_ITEMS1_idx` (`MENU_ITEMS_ID` ASC) VISIBLE,
        CONSTRAINT `fk_MENU_ITEMS_has_RESTAURANTS_MENU_ITEMS1` FOREIGN KEY (`MENU_ITEMS_ID`) REFERENCES `mydb`.`MENU_ITEMS` (`ID`) ON DELETE CASCADE ON UPDATE NO ACTION,
        CONSTRAINT `fk_MENU_ITEMS_has_RESTAURANTS_RESTAURANTS1` FOREIGN KEY (`RESTAURANTS_ID`) REFERENCES `mydb`.`RESTAURANTS` (`ID`) ON DELETE CASCADE ON UPDATE NO ACTION
    ) ENGINE = InnoDB;

-- -----------------------------------------------------

-- Table `mydb`.`AVIS_CLIENTS`

-- -----------------------------------------------------

DROP TABLE IF EXISTS `mydb`.`AVIS_CLIENTS` ;

CREATE TABLE
    IF NOT EXISTS `mydb`.`AVIS_CLIENTS` (
        `ID` INT NOT NULL AUTO_INCREMENT,
        `PHOTO` VARCHAR(255) NULL,
        `COMMENT` VARCHAR(255) NULL,
        `FIRSTNAME` VARCHAR(255) NULL,
        `LASTNAME` VARCHAR(255) NULL,
        `EMAIL` VARCHAR(255) NULL,
        `DATE_CREATION` DATETIME DEFAULT CURRENT_TIMESTAMP ON UPDATE CURRENT_TIMESTAMP,
        `SATISFACTION` INT NULL,
        `CONSENT` VARCHAR(15) NULL DEFAULT 'OK',
        `RESTAURANTS_ID` VARCHAR(15) NOT NULL,
        PRIMARY KEY (`ID`, `RESTAURANTS_ID`),
        INDEX `fk_AVIS_RESTAURANTS_idx` (`RESTAURANTS_ID` ASC) VISIBLE,
        CONSTRAINT `fk_AVIS_RESTAURANTS` FOREIGN KEY (`RESTAURANTS_ID`) REFERENCES `mydb`.`RESTAURANTS` (`ID`) ON DELETE NO ACTION ON UPDATE NO ACTION
    ) ENGINE = InnoDB;

-- -----------------------------------------------------

-- Data for table `mydb`.`CATEGORIES`

-- -----------------------------------------------------

START TRANSACTION;

USE `mydb`;

INSERT INTO
    `mydb`.`CATEGORIES` (`ID`, `NAME`)
VALUES ('GLT', 'galette');

INSERT INTO
    `mydb`.`CATEGORIES` (`ID`, `NAME`)
VALUES ('CRP', 'crêpe');

INSERT INTO
    `mydb`.`CATEGORIES` (`ID`, `NAME`)
VALUES ('BSS', 'boisson');

COMMIT;

-- -----------------------------------------------------

-- Data for table `mydb`.`CONCOURS`

-- -----------------------------------------------------

START TRANSACTION;

USE `mydb`;

INSERT INTO
    `mydb`.`CONCOURS` (`ID`, `MAIL`)
VALUES (
        'bc0a6b9c-19b8-4619-8bcb-7d31266f81dd',
        'barackLaclasse@gmail.com'
    );

INSERT INTO
    `mydb`.`CONCOURS` (`ID`, `MAIL`)
VALUES (
        'bc0a6b9c-19b8-4619-8bcb-7d31266f81ad',
        'sophie.lagirafe@gmail.com'
    );

COMMIT;

-- -----------------------------------------------------

-- Data for table `mydb`.`RESTAURANTS`

-- -----------------------------------------------------

START TRANSACTION;

USE `mydb`;

INSERT INTO
    `mydb`.`RESTAURANTS` (
        `ID`,
        `NAME`,
        `ADRESSE`,
        `CP`,
        `VILLE`,
        `IMAGE`,
        `PHONE`
    )
VALUES (
        'CROZON',
        'Ker Rozzen (Crozon)',
        'Plage de Postolonnec',
        29160,
        'CROZON',
        '/images/crozonbis.jpeg',
        '02 98 27 10 28'

);

INSERT INTO
    `mydb`.`RESTAURANTS` (
        `ID`,
        `NAME`,
        `ADRESSE`,
        `CP`,
        `VILLE`,
        `IMAGE`,
        `PHONE`
    )
VALUES (
        'LARMOR',
        'Ker Rozzen (Larmor)',
        '11 place Notre ',
        56260,
        'LARMOR-PLAGE',
        '/images/larmorbis.jpeg',
        '02 97 84 26 26'

);

INSERT INTO
    `mydb`.`RESTAURANTS` (
        `ID`,
        `NAME`,
        `ADRESSE`,
        `CP`,
        `VILLE`,
        `IMAGE`,
        `PHONE`
    )
VALUES (
        'DAHOUET',
        'Ker Rozzen (Dahouet)',
        '26 quai des Terre-Neuvas - Dahouët',
        22370,
        'PLENEUF VAL-ANDRÉ',
        '/images/dahouetbis.jpeg',
        '02 96 63 13 00'
    );

INSERT INTO
    `mydb`.`RESTAURANTS` (
        `ID`,
        `NAME`,
        `ADRESSE`,
        `CP`,
        `VILLE`,
        `IMAGE`,
        `PHONE`
    )
VALUES (
        'STCAST',
        'Ker Rozzen (St Cast)',
        '35 avenue de Pen Guen',
        22380,
        'SAINT-CAST-LE-GUILDO',
        '/images/stcastbis.jpeg',
        '02 96 41 80 18'
    );

COMMIT;

-- -----------------------------------------------------

-- Data for table `mydb`.`AVIS_CLIENTS`

-- -----------------------------------------------------

START TRANSACTION;

USE `mydb`;

INSERT INTO
    `mydb`.`AVIS_CLIENTS` (
        `PHOTO`,
        `COMMENT`,
        `FIRSTNAME`,
        `LASTNAME`,
        `EMAIL`,
        `DATE_CREATION`,
        `SATISFACTION`,
        `RESTAURANTS_ID`
    )
VALUES (
        '/images/tonyManero.png',
        'Le restaurant est très sympathique, le personnel également,\n                            et les plats sont délicieux. Je recommande vivement !',
        'Tony',
        'Manero',
        'tonyManero@gmail.com',
        DATE("2023-06-15 09:34:21"),
        5,
        'DAHOUET'
    );

INSERT INTO
    `mydb`.`AVIS_CLIENTS` (
        `PHOTO`,
        `COMMENT`,
        `FIRSTNAME`,
        `LASTNAME`,
        `EMAIL`,
        `DATE_CREATION`,
        `SATISFACTION`,
        `RESTAURANTS_ID`
    )
VALUES (
        'https://www.ecranlarge.com/media/cache/1600x1200/uploads/articles/000/000/000/terminator-2-le-jugement-dernier-25-birthday-959585-large.jpg',
        'Great evening with my son John and the Terminator. The chouchen didn\'t rust our iron friend and we\'ll be back. ',
        'Sarah',
        'Connor',
        'sarahConnor@gmail.com',
        DATE("2023-02-15 19:34:21"),
        4,
        'DAHOUET'
    );

INSERT INTO
    `mydb`.`AVIS_CLIENTS` (
        `PHOTO`,
        `COMMENT`,
        `FIRSTNAME`,
        `LASTNAME`,
        `EMAIL`,
        `DATE_CREATION`,
        `SATISFACTION`,
        `RESTAURANTS_ID`
    )
VALUES (
        '/images/SophieLagirafe.png',
        'Toujours très bon, avec des produits de qualité, j\'y retourne avec plaisir !!',
        'Sophie',
        'Lagirafe',
        'sophieLagirafe@gmail.com',
        DATE("2023-09-15 12:34:21"),
        5,
        'STCAST'
    );

INSERT INTO
    `mydb`.`AVIS_CLIENTS` (
        `PHOTO`,
        `COMMENT`,
        `FIRSTNAME`,
        `LASTNAME`,
        `EMAIL`,
        `DATE_CREATION`,
        `SATISFACTION`,
        `RESTAURANTS_ID`
    )
VALUES (
        '/images/GloriaEstafan.png',
        'Atmosphère familiale. Produits bio ou d\'origine artisanale, Recettes originales et de qualité, Et les Cidre et jus de pomme de la cidrerie de la baie....d\'exception (gouter le cidre au houblon !!!) Allez-y les yeux fermés.... Vous y reviendrez !',
        'Gloria',
        'Estefan',
        'gloria@gmail.com',
        DATE("2023-03-15 11:34:21"),
        4,
        'CROZON'
    );

INSERT INTO
    `mydb`.`AVIS_CLIENTS` (
        `PHOTO`,
        `COMMENT`,
        `FIRSTNAME`,
        `LASTNAME`,
        `EMAIL`,
        `DATE_CREATION`,
        `SATISFACTION`,
        `RESTAURANTS_ID`
    )
VALUES (
        'https://img.freepik.com/photos-gratuite/portrait-homme-blanc-isole_53876-40306.jpg',
        'Je recommande a 100% les galettes et crêpes sont excellentes et le personnel est très souriant et accueillant endroit très chaleureux ou l ont a envie de retourner quand on a tester',
        'Bruce',
        'Wayne',
        'Batman@gmail.com',
        DATE("2022-11-15 12:04:21"),
        5,
        'LARMOR'
    );

INSERT INTO
    `mydb`.`AVIS_CLIENTS` (
        `PHOTO`,
        `COMMENT`,
        `FIRSTNAME`,
        `LASTNAME`,
        `EMAIL`,
        `DATE_CREATION`,
        `SATISFACTION`,
        `RESTAURANTS_ID`
    )
VALUES (
        'https://upload.wikimedia.org/wikipedia/commons/thumb/e/e9/Official_portrait_of_Barack_Obama.jpg/564px-Official_portrait_of_Barack_Obama.jpg',
        'I literally fell in love with Brittany because of this crêperie and next time I\'ll be back with Michelle.',
        'Barak',
        'Obama',
        'barak_laclasse@gmail.com',
        DATE("2023-10-02 21:14:21"),
        5,
        'STCAST'
    );

COMMIT;

-- -----------------------------------------------------

-- Data for table `mydb`.`MENU_ITEMS`

-- -----------------------------------------------------

START TRANSACTION;

USE `mydb`;

INSERT INTO
    `mydb`.`MENU_ITEMS` (
        `ID`,
        `NAME`,
        `PRICE`,
        `CATEGORIES_ID`
    )
VALUES (
        1,
        'Verre de Chouchen',
        5.50,
        'BSS'
    );

INSERT INTO
    `mydb`.`MENU_ITEMS` (
        `ID`,
        `NAME`,
        `PRICE`,
        `CATEGORIES_ID`
    )
VALUES (
        2,
        'Bouteille Chouchen (50cl)',
        9.00,
        'BSS'
    );

INSERT INTO
    `mydb`.`MENU_ITEMS` (
        `ID`,
        `NAME`,
        `PRICE`,
        `CATEGORIES_ID`
    )
VALUES (
        3,
        'Bolée de cidre artisanal doux/brut',
        5.50,
        'BSS'
    );

INSERT INTO
    `mydb`.`MENU_ITEMS` (
        `ID`,
        `NAME`,
        `PRICE`,
        `CATEGORIES_ID`
    )
VALUES (
        4,
        'Bouteille de cidre artisanal (1l)',
        8.50,
        'BSS'
    );

INSERT INTO
    `mydb`.`MENU_ITEMS` (
        `ID`,
        `NAME`,
        `PRICE`,
        `CATEGORIES_ID`
    )
VALUES (
        5,
        'Soda (Breizh Cola - 33cl)',
        5.00,
        'BSS'
    );

INSERT INTO
    `mydb`.`MENU_ITEMS` (
        `ID`,
        `NAME`,
        `PRICE`,
        `CATEGORIES_ID`
    )
VALUES (
        6,
        'Infusions (verveine, tilleul-menthe)',
        2.50,
        'BSS'
    );

INSERT INTO
    `mydb`.`MENU_ITEMS` (
        `ID`,
        `NAME`,
        `PRICE`,
        `CATEGORIES_ID`
    )
VALUES (
        7,
        'Bière blonde artisanale (50cl)',
        8.50,
        'BSS'
    );

INSERT INTO
    `mydb`.`MENU_ITEMS` (
        `ID`,
        `NAME`,
        `PRICE`,
        `CATEGORIES_ID`
    )
VALUES (
        8,
        'Eaux plate/pétillante (1l)',
        4.30,
        'BSS'
    );

INSERT INTO
    `mydb`.`MENU_ITEMS` (
        `ID`,
        `NAME`,
        `PRICE`,
        `CATEGORIES_ID`
    )
VALUES (9, 'Café/Thé', 2.80, 'BSS');

INSERT INTO
    `mydb`.`MENU_ITEMS` (
        `ID`,
        `NAME`,
        `PRICE`,
        `CATEGORIES_ID`
    )
VALUES (
        10,
        'Sirop (menthe, orgeat, grenadine)',
        2.50,
        'BSS'
    );

INSERT INTO
    `mydb`.`MENU_ITEMS` (
        `ID`,
        `NAME`,
        `PRICE`,
        `CATEGORIES_ID`
    )
VALUES (
        11,
        'Supplément Chantilly',
        1.50,
        'CRP'
    );

INSERT INTO
    `mydb`.`MENU_ITEMS` (
        `ID`,
        `NAME`,
        `PRICE`,
        `CATEGORIES_ID`
    )
VALUES (
        12,
        'Pommes, caramel, beurre salé',
        9.40,
        'CRP'
    );

INSERT INTO
    `mydb`.`MENU_ITEMS` (
        `ID`,
        `NAME`,
        `PRICE`,
        `CATEGORIES_ID`
    )
VALUES (13, 'Miel-Amandes', 6.95, 'CRP');

INSERT INTO
    `mydb`.`MENU_ITEMS` (
        `ID`,
        `NAME`,
        `PRICE`,
        `CATEGORIES_ID`
    )
VALUES (
        14,
        'Supplément chocolat',
        1.80,
        'CRP'
    );

INSERT INTO
    `mydb`.`MENU_ITEMS` (
        `ID`,
        `NAME`,
        `PRICE`,
        `CATEGORIES_ID`
    )
VALUES (15, 'Beurre salé', 4.50, 'CRP');

INSERT INTO
    `mydb`.`MENU_ITEMS` (
        `ID`,
        `NAME`,
        `PRICE`,
        `CATEGORIES_ID`
    )
VALUES (
        16,
        'Chocolat Origine Pérou Valhrona',
        6.30,
        'CRP'
    );

INSERT INTO
    `mydb`.`MENU_ITEMS` (
        `ID`,
        `NAME`,
        `PRICE`,
        `CATEGORIES_ID`
    )
VALUES (
        17,
        'Caramel au beurre salé',
        6.90,
        'CRP'
    );

INSERT INTO
    `mydb`.`MENU_ITEMS` (
        `ID`,
        `NAME`,
        `PRICE`,
        `CATEGORIES_ID`
    )
VALUES (
        18,
        'Crêpe au sucre',
        3.90,
        'CRP'
    );

INSERT INTO
    `mydb`.`MENU_ITEMS` (
        `ID`,
        `NAME`,
        `PRICE`,
        `CATEGORIES_ID`
    )
VALUES (
        19,
        'St Jacques au chouchen',
        15.90,
        'GLT'
    );

INSERT INTO
    `mydb`.`MENU_ITEMS` (
        `ID`,
        `NAME`,
        `PRICE`,
        `CATEGORIES_ID`
    )
VALUES (
        20,
        'Veggie (tofu, légumes, tamari)',
        11.70,
        'GLT'
    );

INSERT INTO
    `mydb`.`MENU_ITEMS` (
        `ID`,
        `NAME`,
        `PRICE`,
        `CATEGORIES_ID`
    )
VALUES (
        21,
        'Saumon fumé, crème, citron',
        13.50,
        'GLT'
    );

INSERT INTO
    `mydb`.`MENU_ITEMS` (
        `ID`,
        `NAME`,
        `PRICE`,
        `CATEGORIES_ID`
    )
VALUES (
        22,
        'Chorizo, champignons, tomates',
        10.90,
        'GLT'
    );

INSERT INTO
    `mydb`.`MENU_ITEMS` (
        `ID`,
        `NAME`,
        `PRICE`,
        `CATEGORIES_ID`
    )
VALUES (23, 'Beurre salé', 4.50, 'GLT');

INSERT INTO
    `mydb`.`MENU_ITEMS` (
        `ID`,
        `NAME`,
        `PRICE`,
        `CATEGORIES_ID`
    )
VALUES (
        24,
        'Curry de crevettes, gingembre',
        10.60,
        'GLT'
    );

INSERT INTO
    `mydb`.`MENU_ITEMS` (
        `ID`,
        `NAME`,
        `PRICE`,
        `CATEGORIES_ID`
    )
VALUES (
        25,
        'Butternut, chèvre, oeuf',
        11.20,
        'GLT'
    );

INSERT INTO
    `mydb`.`MENU_ITEMS` (
        `ID`,
        `NAME`,
        `PRICE`,
        `CATEGORIES_ID`
    )
VALUES (
        26,
        'Speck, oeuf, mozza, tomates',
        12.10,
        'GLT'
    );

INSERT INTO
    `mydb`.`MENU_ITEMS` (
        `ID`,
        `NAME`,
        `PRICE`,
        `CATEGORIES_ID`
    )
VALUES (
        27,
        'Adouille, salade, oeuf, curé nantais',
        12.10,
        'GLT'
    );

COMMIT;

-- -----------------------------------------------------

-- Data for table `mydb`.`MENU_ITEMS_has_RESTAURANTS`

-- -----------------------------------------------------

START TRANSACTION;

USE `mydb`;

INSERT INTO
    `mydb`.`MENU_ITEMS_has_RESTAURANTS` (
        `MENU_ITEMS_ID`,
        `RESTAURANTS_ID`
    )
VALUES (1, 'CROZON');

INSERT INTO
    `mydb`.`MENU_ITEMS_has_RESTAURANTS` (
        `MENU_ITEMS_ID`,
        `RESTAURANTS_ID`
    )
VALUES (1, 'LARMOR');

INSERT INTO
    `mydb`.`MENU_ITEMS_has_RESTAURANTS` (
        `MENU_ITEMS_ID`,
        `RESTAURANTS_ID`
    )
VALUES (1, 'DAHOUET');

INSERT INTO
    `mydb`.`MENU_ITEMS_has_RESTAURANTS` (
        `MENU_ITEMS_ID`,
        `RESTAURANTS_ID`
    )
VALUES (1, 'STCAST');

INSERT INTO
    `mydb`.`MENU_ITEMS_has_RESTAURANTS` (
        `MENU_ITEMS_ID`,
        `RESTAURANTS_ID`
    )
VALUES (2, 'CROZON');

INSERT INTO
    `mydb`.`MENU_ITEMS_has_RESTAURANTS` (
        `MENU_ITEMS_ID`,
        `RESTAURANTS_ID`
    )
VALUES (3, 'CROZON');

INSERT INTO
    `mydb`.`MENU_ITEMS_has_RESTAURANTS` (
        `MENU_ITEMS_ID`,
        `RESTAURANTS_ID`
    )
VALUES (4, 'CROZON');

INSERT INTO
    `mydb`.`MENU_ITEMS_has_RESTAURANTS` (
        `MENU_ITEMS_ID`,
        `RESTAURANTS_ID`
    )
VALUES (5, 'CROZON');

INSERT INTO
    `mydb`.`MENU_ITEMS_has_RESTAURANTS` (
        `MENU_ITEMS_ID`,
        `RESTAURANTS_ID`
    )
VALUES (6, 'CROZON');

INSERT INTO
    `mydb`.`MENU_ITEMS_has_RESTAURANTS` (
        `MENU_ITEMS_ID`,
        `RESTAURANTS_ID`
    )
VALUES (7, 'CROZON');

INSERT INTO
    `mydb`.`MENU_ITEMS_has_RESTAURANTS` (
        `MENU_ITEMS_ID`,
        `RESTAURANTS_ID`
    )
VALUES (8, 'CROZON');

INSERT INTO
    `mydb`.`MENU_ITEMS_has_RESTAURANTS` (
        `MENU_ITEMS_ID`,
        `RESTAURANTS_ID`
    )
VALUES (9, 'CROZON');

INSERT INTO
    `mydb`.`MENU_ITEMS_has_RESTAURANTS` (
        `MENU_ITEMS_ID`,
        `RESTAURANTS_ID`
    )
VALUES (10, 'CROZON');

INSERT INTO
    `mydb`.`MENU_ITEMS_has_RESTAURANTS` (
        `MENU_ITEMS_ID`,
        `RESTAURANTS_ID`
    )
VALUES (11, 'CROZON');

INSERT INTO
    `mydb`.`MENU_ITEMS_has_RESTAURANTS` (
        `MENU_ITEMS_ID`,
        `RESTAURANTS_ID`
    )
VALUES (12, 'CROZON');

INSERT INTO
    `mydb`.`MENU_ITEMS_has_RESTAURANTS` (
        `MENU_ITEMS_ID`,
        `RESTAURANTS_ID`
    )
VALUES (13, 'CROZON');

INSERT INTO
    `mydb`.`MENU_ITEMS_has_RESTAURANTS` (
        `MENU_ITEMS_ID`,
        `RESTAURANTS_ID`
    )
VALUES (14, 'CROZON');

INSERT INTO
    `mydb`.`MENU_ITEMS_has_RESTAURANTS` (
        `MENU_ITEMS_ID`,
        `RESTAURANTS_ID`
    )
VALUES (15, 'CROZON');

INSERT INTO
    `mydb`.`MENU_ITEMS_has_RESTAURANTS` (
        `MENU_ITEMS_ID`,
        `RESTAURANTS_ID`
    )
VALUES (16, 'CROZON');

INSERT INTO
    `mydb`.`MENU_ITEMS_has_RESTAURANTS` (
        `MENU_ITEMS_ID`,
        `RESTAURANTS_ID`
    )
VALUES (17, 'CROZON');

INSERT INTO
    `mydb`.`MENU_ITEMS_has_RESTAURANTS` (
        `MENU_ITEMS_ID`,
        `RESTAURANTS_ID`
    )
VALUES (18, 'CROZON');

INSERT INTO
    `mydb`.`MENU_ITEMS_has_RESTAURANTS` (
        `MENU_ITEMS_ID`,
        `RESTAURANTS_ID`
    )
VALUES (19, 'CROZON');

INSERT INTO
    `mydb`.`MENU_ITEMS_has_RESTAURANTS` (
        `MENU_ITEMS_ID`,
        `RESTAURANTS_ID`
    )
VALUES (20, 'CROZON');

INSERT INTO
    `mydb`.`MENU_ITEMS_has_RESTAURANTS` (
        `MENU_ITEMS_ID`,
        `RESTAURANTS_ID`
    )
VALUES (21, 'CROZON');

INSERT INTO
    `mydb`.`MENU_ITEMS_has_RESTAURANTS` (
        `MENU_ITEMS_ID`,
        `RESTAURANTS_ID`
    )
VALUES (22, 'CROZON');

INSERT INTO
    `mydb`.`MENU_ITEMS_has_RESTAURANTS` (
        `MENU_ITEMS_ID`,
        `RESTAURANTS_ID`
    )
VALUES (23, 'CROZON');

INSERT INTO
    `mydb`.`MENU_ITEMS_has_RESTAURANTS` (
        `MENU_ITEMS_ID`,
        `RESTAURANTS_ID`
    )
VALUES (24, 'CROZON');

INSERT INTO
    `mydb`.`MENU_ITEMS_has_RESTAURANTS` (
        `MENU_ITEMS_ID`,
        `RESTAURANTS_ID`
    )
VALUES (25, 'CROZON');

INSERT INTO
    `mydb`.`MENU_ITEMS_has_RESTAURANTS` (
        `MENU_ITEMS_ID`,
        `RESTAURANTS_ID`
    )
VALUES (26, 'CROZON');

INSERT INTO
    `mydb`.`MENU_ITEMS_has_RESTAURANTS` (
        `MENU_ITEMS_ID`,
        `RESTAURANTS_ID`
    )
VALUES (27, 'CROZON');

INSERT INTO
    `mydb`.`MENU_ITEMS_has_RESTAURANTS` (
        `MENU_ITEMS_ID`,
        `RESTAURANTS_ID`
    )
VALUES (2, 'LARMOR');

INSERT INTO
    `mydb`.`MENU_ITEMS_has_RESTAURANTS` (
        `MENU_ITEMS_ID`,
        `RESTAURANTS_ID`
    )
VALUES (3, 'LARMOR');

INSERT INTO
    `mydb`.`MENU_ITEMS_has_RESTAURANTS` (
        `MENU_ITEMS_ID`,
        `RESTAURANTS_ID`
    )
VALUES (4, 'LARMOR');

INSERT INTO
    `mydb`.`MENU_ITEMS_has_RESTAURANTS` (
        `MENU_ITEMS_ID`,
        `RESTAURANTS_ID`
    )
VALUES (5, 'LARMOR');

INSERT INTO
    `mydb`.`MENU_ITEMS_has_RESTAURANTS` (
        `MENU_ITEMS_ID`,
        `RESTAURANTS_ID`
    )
VALUES (6, 'LARMOR');

INSERT INTO
    `mydb`.`MENU_ITEMS_has_RESTAURANTS` (
        `MENU_ITEMS_ID`,
        `RESTAURANTS_ID`
    )
VALUES (7, 'LARMOR');

INSERT INTO
    `mydb`.`MENU_ITEMS_has_RESTAURANTS` (
        `MENU_ITEMS_ID`,
        `RESTAURANTS_ID`
    )
VALUES (8, 'LARMOR');

INSERT INTO
    `mydb`.`MENU_ITEMS_has_RESTAURANTS` (
        `MENU_ITEMS_ID`,
        `RESTAURANTS_ID`
    )
VALUES (9, 'LARMOR');

INSERT INTO
    `mydb`.`MENU_ITEMS_has_RESTAURANTS` (
        `MENU_ITEMS_ID`,
        `RESTAURANTS_ID`
    )
VALUES (10, 'LARMOR');

INSERT INTO
    `mydb`.`MENU_ITEMS_has_RESTAURANTS` (
        `MENU_ITEMS_ID`,
        `RESTAURANTS_ID`
    )
VALUES (11, 'LARMOR');

INSERT INTO
    `mydb`.`MENU_ITEMS_has_RESTAURANTS` (
        `MENU_ITEMS_ID`,
        `RESTAURANTS_ID`
    )
VALUES (12, 'LARMOR');

INSERT INTO
    `mydb`.`MENU_ITEMS_has_RESTAURANTS` (
        `MENU_ITEMS_ID`,
        `RESTAURANTS_ID`
    )
VALUES (13, 'LARMOR');

INSERT INTO
    `mydb`.`MENU_ITEMS_has_RESTAURANTS` (
        `MENU_ITEMS_ID`,
        `RESTAURANTS_ID`
    )
VALUES (14, 'LARMOR');

INSERT INTO
    `mydb`.`MENU_ITEMS_has_RESTAURANTS` (
        `MENU_ITEMS_ID`,
        `RESTAURANTS_ID`
    )
VALUES (15, 'LARMOR');

INSERT INTO
    `mydb`.`MENU_ITEMS_has_RESTAURANTS` (
        `MENU_ITEMS_ID`,
        `RESTAURANTS_ID`
    )
VALUES (16, 'LARMOR');

INSERT INTO
    `mydb`.`MENU_ITEMS_has_RESTAURANTS` (
        `MENU_ITEMS_ID`,
        `RESTAURANTS_ID`
    )
VALUES (17, 'LARMOR');

INSERT INTO
    `mydb`.`MENU_ITEMS_has_RESTAURANTS` (
        `MENU_ITEMS_ID`,
        `RESTAURANTS_ID`
    )
VALUES (18, 'LARMOR');

INSERT INTO
    `mydb`.`MENU_ITEMS_has_RESTAURANTS` (
        `MENU_ITEMS_ID`,
        `RESTAURANTS_ID`
    )
VALUES (19, 'LARMOR');

INSERT INTO
    `mydb`.`MENU_ITEMS_has_RESTAURANTS` (
        `MENU_ITEMS_ID`,
        `RESTAURANTS_ID`
    )
VALUES (20, 'LARMOR');

INSERT INTO
    `mydb`.`MENU_ITEMS_has_RESTAURANTS` (
        `MENU_ITEMS_ID`,
        `RESTAURANTS_ID`
    )
VALUES (21, 'LARMOR');

INSERT INTO
    `mydb`.`MENU_ITEMS_has_RESTAURANTS` (
        `MENU_ITEMS_ID`,
        `RESTAURANTS_ID`
    )
VALUES (22, 'LARMOR');

INSERT INTO
    `mydb`.`MENU_ITEMS_has_RESTAURANTS` (
        `MENU_ITEMS_ID`,
        `RESTAURANTS_ID`
    )
VALUES (23, 'LARMOR');

INSERT INTO
    `mydb`.`MENU_ITEMS_has_RESTAURANTS` (
        `MENU_ITEMS_ID`,
        `RESTAURANTS_ID`
    )
VALUES (24, 'LARMOR');

INSERT INTO
    `mydb`.`MENU_ITEMS_has_RESTAURANTS` (
        `MENU_ITEMS_ID`,
        `RESTAURANTS_ID`
    )
VALUES (25, 'LARMOR');

INSERT INTO
    `mydb`.`MENU_ITEMS_has_RESTAURANTS` (
        `MENU_ITEMS_ID`,
        `RESTAURANTS_ID`
    )
VALUES (26, 'LARMOR');

INSERT INTO
    `mydb`.`MENU_ITEMS_has_RESTAURANTS` (
        `MENU_ITEMS_ID`,
        `RESTAURANTS_ID`
    )
VALUES (27, 'LARMOR');

INSERT INTO
    `mydb`.`MENU_ITEMS_has_RESTAURANTS` (
        `MENU_ITEMS_ID`,
        `RESTAURANTS_ID`
    )
VALUES (2, 'DAHOUET');

INSERT INTO
    `mydb`.`MENU_ITEMS_has_RESTAURANTS` (
        `MENU_ITEMS_ID`,
        `RESTAURANTS_ID`
    )
VALUES (3, 'DAHOUET');

INSERT INTO
    `mydb`.`MENU_ITEMS_has_RESTAURANTS` (
        `MENU_ITEMS_ID`,
        `RESTAURANTS_ID`
    )
VALUES (4, 'DAHOUET');

INSERT INTO
    `mydb`.`MENU_ITEMS_has_RESTAURANTS` (
        `MENU_ITEMS_ID`,
        `RESTAURANTS_ID`
    )
VALUES (5, 'DAHOUET');

INSERT INTO
    `mydb`.`MENU_ITEMS_has_RESTAURANTS` (
        `MENU_ITEMS_ID`,
        `RESTAURANTS_ID`
    )
VALUES (6, 'DAHOUET');

INSERT INTO
    `mydb`.`MENU_ITEMS_has_RESTAURANTS` (
        `MENU_ITEMS_ID`,
        `RESTAURANTS_ID`
    )
VALUES (7, 'DAHOUET');

INSERT INTO
    `mydb`.`MENU_ITEMS_has_RESTAURANTS` (
        `MENU_ITEMS_ID`,
        `RESTAURANTS_ID`
    )
VALUES (8, 'DAHOUET');

INSERT INTO
    `mydb`.`MENU_ITEMS_has_RESTAURANTS` (
        `MENU_ITEMS_ID`,
        `RESTAURANTS_ID`
    )
VALUES (9, 'DAHOUET');

INSERT INTO
    `mydb`.`MENU_ITEMS_has_RESTAURANTS` (
        `MENU_ITEMS_ID`,
        `RESTAURANTS_ID`
    )
VALUES (10, 'DAHOUET');

INSERT INTO
    `mydb`.`MENU_ITEMS_has_RESTAURANTS` (
        `MENU_ITEMS_ID`,
        `RESTAURANTS_ID`
    )
VALUES (11, 'DAHOUET');

INSERT INTO
    `mydb`.`MENU_ITEMS_has_RESTAURANTS` (
        `MENU_ITEMS_ID`,
        `RESTAURANTS_ID`
    )
VALUES (12, 'DAHOUET');

INSERT INTO
    `mydb`.`MENU_ITEMS_has_RESTAURANTS` (
        `MENU_ITEMS_ID`,
        `RESTAURANTS_ID`
    )
VALUES (13, 'DAHOUET');

INSERT INTO
    `mydb`.`MENU_ITEMS_has_RESTAURANTS` (
        `MENU_ITEMS_ID`,
        `RESTAURANTS_ID`
    )
VALUES (14, 'DAHOUET');

INSERT INTO
    `mydb`.`MENU_ITEMS_has_RESTAURANTS` (
        `MENU_ITEMS_ID`,
        `RESTAURANTS_ID`
    )
VALUES (15, 'DAHOUET');

INSERT INTO
    `mydb`.`MENU_ITEMS_has_RESTAURANTS` (
        `MENU_ITEMS_ID`,
        `RESTAURANTS_ID`
    )
VALUES (16, 'DAHOUET');

INSERT INTO
    `mydb`.`MENU_ITEMS_has_RESTAURANTS` (
        `MENU_ITEMS_ID`,
        `RESTAURANTS_ID`
    )
VALUES (17, 'DAHOUET');

INSERT INTO
    `mydb`.`MENU_ITEMS_has_RESTAURANTS` (
        `MENU_ITEMS_ID`,
        `RESTAURANTS_ID`
    )
VALUES (18, 'DAHOUET');

INSERT INTO
    `mydb`.`MENU_ITEMS_has_RESTAURANTS` (
        `MENU_ITEMS_ID`,
        `RESTAURANTS_ID`
    )
VALUES (19, 'DAHOUET');

INSERT INTO
    `mydb`.`MENU_ITEMS_has_RESTAURANTS` (
        `MENU_ITEMS_ID`,
        `RESTAURANTS_ID`
    )
VALUES (20, 'DAHOUET');

INSERT INTO
    `mydb`.`MENU_ITEMS_has_RESTAURANTS` (
        `MENU_ITEMS_ID`,
        `RESTAURANTS_ID`
    )
VALUES (21, 'DAHOUET');

INSERT INTO
    `mydb`.`MENU_ITEMS_has_RESTAURANTS` (
        `MENU_ITEMS_ID`,
        `RESTAURANTS_ID`
    )
VALUES (22, 'DAHOUET');

INSERT INTO
    `mydb`.`MENU_ITEMS_has_RESTAURANTS` (
        `MENU_ITEMS_ID`,
        `RESTAURANTS_ID`
    )
VALUES (23, 'DAHOUET');

INSERT INTO
    `mydb`.`MENU_ITEMS_has_RESTAURANTS` (
        `MENU_ITEMS_ID`,
        `RESTAURANTS_ID`
    )
VALUES (24, 'DAHOUET');

INSERT INTO
    `mydb`.`MENU_ITEMS_has_RESTAURANTS` (
        `MENU_ITEMS_ID`,
        `RESTAURANTS_ID`
    )
VALUES (25, 'DAHOUET');

INSERT INTO
    `mydb`.`MENU_ITEMS_has_RESTAURANTS` (
        `MENU_ITEMS_ID`,
        `RESTAURANTS_ID`
    )
VALUES (26, 'DAHOUET');

INSERT INTO
    `mydb`.`MENU_ITEMS_has_RESTAURANTS` (
        `MENU_ITEMS_ID`,
        `RESTAURANTS_ID`
    )
VALUES (27, 'DAHOUET');

INSERT INTO
    `mydb`.`MENU_ITEMS_has_RESTAURANTS` (
        `MENU_ITEMS_ID`,
        `RESTAURANTS_ID`
    )
VALUES (2, 'STCAST');

INSERT INTO
    `mydb`.`MENU_ITEMS_has_RESTAURANTS` (
        `MENU_ITEMS_ID`,
        `RESTAURANTS_ID`
    )
VALUES (3, 'STCAST');

INSERT INTO
    `mydb`.`MENU_ITEMS_has_RESTAURANTS` (
        `MENU_ITEMS_ID`,
        `RESTAURANTS_ID`
    )
VALUES (4, 'STCAST');

INSERT INTO
    `mydb`.`MENU_ITEMS_has_RESTAURANTS` (
        `MENU_ITEMS_ID`,
        `RESTAURANTS_ID`
    )
VALUES (5, 'STCAST');

INSERT INTO
    `mydb`.`MENU_ITEMS_has_RESTAURANTS` (
        `MENU_ITEMS_ID`,
        `RESTAURANTS_ID`
    )
VALUES (6, 'STCAST');

INSERT INTO
    `mydb`.`MENU_ITEMS_has_RESTAURANTS` (
        `MENU_ITEMS_ID`,
        `RESTAURANTS_ID`
    )
VALUES (7, 'STCAST');

INSERT INTO
    `mydb`.`MENU_ITEMS_has_RESTAURANTS` (
        `MENU_ITEMS_ID`,
        `RESTAURANTS_ID`
    )
VALUES (8, 'STCAST');

INSERT INTO
    `mydb`.`MENU_ITEMS_has_RESTAURANTS` (
        `MENU_ITEMS_ID`,
        `RESTAURANTS_ID`
    )
VALUES (9, 'STCAST');

INSERT INTO
    `mydb`.`MENU_ITEMS_has_RESTAURANTS` (
        `MENU_ITEMS_ID`,
        `RESTAURANTS_ID`
    )
VALUES (10, 'STCAST');

INSERT INTO
    `mydb`.`MENU_ITEMS_has_RESTAURANTS` (
        `MENU_ITEMS_ID`,
        `RESTAURANTS_ID`
    )
VALUES (11, 'STCAST');

INSERT INTO
    `mydb`.`MENU_ITEMS_has_RESTAURANTS` (
        `MENU_ITEMS_ID`,
        `RESTAURANTS_ID`
    )
VALUES (12, 'STCAST');

INSERT INTO
    `mydb`.`MENU_ITEMS_has_RESTAURANTS` (
        `MENU_ITEMS_ID`,
        `RESTAURANTS_ID`
    )
VALUES (13, 'STCAST');

INSERT INTO
    `mydb`.`MENU_ITEMS_has_RESTAURANTS` (
        `MENU_ITEMS_ID`,
        `RESTAURANTS_ID`
    )
VALUES (14, 'STCAST');

INSERT INTO
    `mydb`.`MENU_ITEMS_has_RESTAURANTS` (
        `MENU_ITEMS_ID`,
        `RESTAURANTS_ID`
    )
VALUES (15, 'STCAST');

INSERT INTO
    `mydb`.`MENU_ITEMS_has_RESTAURANTS` (
        `MENU_ITEMS_ID`,
        `RESTAURANTS_ID`
    )
VALUES (16, 'STCAST');

INSERT INTO
    `mydb`.`MENU_ITEMS_has_RESTAURANTS` (
        `MENU_ITEMS_ID`,
        `RESTAURANTS_ID`
    )
VALUES (17, 'STCAST');

INSERT INTO
    `mydb`.`MENU_ITEMS_has_RESTAURANTS` (
        `MENU_ITEMS_ID`,
        `RESTAURANTS_ID`
    )
VALUES (18, 'STCAST');

INSERT INTO
    `mydb`.`MENU_ITEMS_has_RESTAURANTS` (
        `MENU_ITEMS_ID`,
        `RESTAURANTS_ID`
    )
VALUES (19, 'STCAST');

INSERT INTO
    `mydb`.`MENU_ITEMS_has_RESTAURANTS` (
        `MENU_ITEMS_ID`,
        `RESTAURANTS_ID`
    )
VALUES (20, 'STCAST');

INSERT INTO
    `mydb`.`MENU_ITEMS_has_RESTAURANTS` (
        `MENU_ITEMS_ID`,
        `RESTAURANTS_ID`
    )
VALUES (21, 'STCAST');

INSERT INTO
    `mydb`.`MENU_ITEMS_has_RESTAURANTS` (
        `MENU_ITEMS_ID`,
        `RESTAURANTS_ID`
    )
VALUES (22, 'STCAST');

INSERT INTO
    `mydb`.`MENU_ITEMS_has_RESTAURANTS` (
        `MENU_ITEMS_ID`,
        `RESTAURANTS_ID`
    )
VALUES (23, 'STCAST');

INSERT INTO
    `mydb`.`MENU_ITEMS_has_RESTAURANTS` (
        `MENU_ITEMS_ID`,
        `RESTAURANTS_ID`
    )
VALUES (24, 'STCAST');

INSERT INTO
    `mydb`.`MENU_ITEMS_has_RESTAURANTS` (
        `MENU_ITEMS_ID`,
        `RESTAURANTS_ID`
    )
VALUES (25, 'STCAST');

INSERT INTO
    `mydb`.`MENU_ITEMS_has_RESTAURANTS` (
        `MENU_ITEMS_ID`,
        `RESTAURANTS_ID`
    )
VALUES (26, 'STCAST');

INSERT INTO
    `mydb`.`MENU_ITEMS_has_RESTAURANTS` (
        `MENU_ITEMS_ID`,
        `RESTAURANTS_ID`
    )
VALUES (27, 'STCAST');

COMMIT;